City,Cloudiness,Country,Date,Humidity,Max Temp,Lat,Lng,Wind Speed
Erbaa,40,TR,1579922363,69,33.8,40.67,36.57,6.93
Hofn,100,IS,1579922363,97,36.28,64.25,-15.21,44.52
East London,40,ZA,1579922303,77,69.8,-33.02,27.91,4.7
Mataura,72,NZ,1579922329,58,66.99,-46.19,168.86,10.0
Coromandel,100,BR,1579922364,98,66.63,-18.47,-47.2,9.69
Araouane,100,ML,1579922364,15,73.92,18.9,-3.53,6.51
Rikitea,43,PF,1579922194,76,78.58,-23.12,-134.97,13.42
Ndele,100,CF,1579922364,13,64.89,8.41,20.65,13.09
Faanui,6,PF,1579922333,77,82.33,-16.48,-151.75,12.59
Albany,75,US,1579922365,68,37.4,42.6,-73.97,5.7
Punta Arenas,75,CL,1579922365,81,48.0,-53.15,-70.92,6.93
Hermanus,0,ZA,1579922195,96,64.0,-34.42,19.23,1.01
Kawambwa,100,ZM,1579922365,96,64.31,-9.79,29.08,2.75
Raja,35,SS,1579922366,21,52.56,8.46,25.68,5.28
Bluff,73,NZ,1579922366,58,66.99,-46.6,168.33,10.0
Esperance,40,AU,1579922169,53,77.0,-33.87,121.9,2.24
The Pas,1,CA,1579922366,85,14.0,53.83,-101.25,8.05
Puerto Ayora,23,EC,1579922367,56,77.0,-0.74,-90.35,10.31
Cape Town,20,ZA,1579922336,93,64.0,-33.93,18.42,6.93
Hobart,75,AU,1579922346,40,75.0,-42.88,147.33,19.46
Bonthe,0,SL,1579922367,89,75.78,7.53,-12.51,2.77
Westport,1,US,1579922255,69,41.0,41.14,-73.36,13.87
Cururupu,93,BR,1579922368,97,75.16,-1.83,-44.87,1.79
Hamilton,90,US,1579922104,86,42.01,39.18,-84.53,8.55
Adrar,99,MR,1579922368,39,72.84,20.5,-10.07,11.1
Hambantota,5,LK,1579922364,100,77.0,6.12,81.12,9.17
Gurupi,100,BR,1579922368,96,72.59,-11.73,-49.07,3.44
Tilichiki,100,RU,1579922369,88,27.88,60.47,166.1,25.9
Saint-Philippe,100,RE,1579922369,100,78.8,-21.36,55.77,25.28
Santa Rosa,75,PH,1579922369,70,84.99,14.31,121.11,6.93
Dawlatabad,0,AF,1579922369,78,40.32,36.41,64.91,6.26
Novo Cruzeiro,100,BR,1579922369,96,66.58,-17.47,-41.88,12.5
Kruisfontein,71,ZA,1579922370,83,65.12,-34.0,24.73,5.68
Taltal,0,CL,1579922370,79,69.78,-25.4,-70.48,2.1
Acarau,84,BR,1579922073,88,76.77,-2.89,-40.12,4.56
Bredasdorp,26,ZA,1579922331,94,68.0,-34.53,20.04,1.3
Taoudenni,89,ML,1579922183,20,72.52,22.68,-3.98,5.88
Skjervoy,100,NO,1579922371,96,30.78,70.03,20.97,18.52
Sivas,90,TR,1579922371,84,6.8,39.79,37.0,3.36
Betanzos,40,ES,1579922372,100,41.0,43.28,-8.21,5.82
Talnakh,75,RU,1579922202,78,10.4,69.49,88.4,17.9
Yerbogachen,98,RU,1579922372,94,8.26,61.28,108.01,6.42
Iskateley,86,RU,1579922372,99,-10.75,67.68,53.15,3.6
Tambopata,100,PE,1579922373,94,73.35,-12.73,-69.18,2.35
Isangel,24,VU,1579922202,80,79.27,-19.55,169.27,12.53
Thunder Bay,90,CA,1579922263,92,30.0,48.4,-89.32,2.24
New Norfolk,75,AU,1579922202,40,75.0,-42.78,147.06,19.46
Jamestown,90,US,1579922193,93,45.0,42.1,-79.24,9.17
Loksa,20,EE,1579922374,69,37.99,59.58,25.72,16.11
Cidreira,0,BR,1579922374,70,72.99,-30.18,-50.21,2.13
Onega,100,RU,1579922374,95,20.86,63.91,38.14,11.36
Ushuaia,75,AR,1579922320,81,48.2,-54.8,-68.3,2.26
Erzincan,0,TR,1579922375,78,10.4,39.75,39.5,3.53
Airai,100,TL,1579922375,64,81.54,-8.93,125.41,3.91
Kapaa,90,US,1579922375,73,80.6,22.08,-159.32,12.75
Cockburn Town,30,TC,1579922320,65,76.26,21.46,-71.14,10.25
Thompson,20,CA,1579922330,85,14.0,55.74,-97.86,6.93
Byron Bay,90,AU,1579922103,88,82.99,-28.65,153.62,6.93
Yellowknife,75,CA,1579922376,84,3.0,62.46,-114.35,11.41
Derzhavinsk,95,KZ,1579922376,93,5.34,51.1,66.32,17.45
Yarmouth,75,US,1579922333,86,41.0,41.71,-70.23,3.36
Iqaluit,20,CA,1579922322,67,-27.0,63.75,-68.51,11.41
Benjamin Constant,40,BR,1579922377,100,73.4,-4.38,-70.03,4.7
Port Elizabeth,62,ZA,1579922377,82,66.2,-33.92,25.57,10.29
Lompoc,1,US,1579922377,87,62.01,34.64,-120.46,10.29
Avarua,80,CK,1579922377,83,82.4,-21.21,-159.78,6.93
Chui,0,UY,1579922378,87,70.02,-33.7,-53.46,11.23
Souillac,75,MU,1579922378,88,80.6,-20.52,57.52,19.46
Puga,40,MX,1579922378,100,64.0,21.58,-104.82,0.89
Tuktoyaktuk,90,CA,1579922378,83,-4.0,69.45,-133.04,14.99
Nikolskoye,90,RU,1579922379,88,35.6,59.7,30.79,11.18
Tasiilaq,100,GL,1579922199,49,24.8,65.61,-37.64,26.4
Busselton,0,AU,1579922379,26,90.0,-33.65,115.33,5.37
Beloha,0,MG,1579922379,78,69.26,-25.17,45.05,12.8
Doaba,55,PK,1579922379,59,40.44,33.42,70.74,1.7
Marawi,40,PH,1579922380,86,82.99,8.0,124.29,4.0
Mount Gambier,75,AU,1579922380,56,73.4,-37.83,140.77,16.11
Lichinga,49,MZ,1579922380,93,64.85,-13.31,35.24,2.86
Bengkulu,100,ID,1579922380,93,75.9,-3.8,102.27,3.49
Bathsheba,20,BB,1579922381,78,78.8,13.22,-59.52,12.75
Kabinda,84,CD,1579922381,92,68.65,-6.13,24.48,1.63
Rocha,0,UY,1579922381,49,70.83,-34.48,-54.33,7.9
Vila Franca do Campo,75,PT,1579922381,62,57.2,37.72,-25.43,11.41
Port Alfred,0,ZA,1579922351,94,64.0,-33.59,26.89,2.3
Pahrump,1,US,1579922255,39,52.0,36.21,-115.98,5.82
Kachug,100,RU,1579922382,82,5.4,53.96,105.88,2.26
Te Anau,16,NZ,1579922090,77,64.17,-45.42,167.72,8.03
Fortuna,90,US,1579922333,87,55.99,40.6,-124.16,4.85
Nador,68,MA,1579922382,81,52.0,35.17,-2.93,4.7
Katherine,40,AU,1579922383,55,91.4,-14.47,132.27,11.41
Lebu,0,CL,1579922330,63,58.15,-37.62,-73.65,8.08
Oussouye,34,SN,1579922235,69,73.4,12.48,-16.55,4.7
Torbay,5,CA,1579922383,72,17.01,47.67,-52.73,6.93
Barrow,75,US,1579922384,75,-20.2,71.29,-156.79,9.17
Salalah,20,OM,1579922253,73,73.4,17.02,54.09,3.27
Avera,90,US,1579922384,93,59.0,33.19,-82.53,5.82
Khatanga,70,RU,1579922384,90,-22.83,71.97,102.5,7.87
Saint-Pierre,100,RE,1579922384,100,78.8,-21.34,55.48,25.28
Pozo Colorado,0,PY,1579922385,50,75.99,-23.49,-58.8,4.72
Clyde River,1,CA,1579922362,82,-20.2,70.47,-68.59,3.36
Bethel,1,US,1579922385,59,39.99,41.37,-73.41,5.82
Labuhan,86,ID,1579922385,69,85.86,-6.88,112.21,3.78
Boda,99,CF,1579922386,20,62.31,4.32,17.47,3.65
Cabo San Lucas,75,MX,1579922386,77,68.0,22.89,-109.91,4.7
Iquitos,40,PE,1579922386,94,77.0,-3.75,-73.25,2.24
Verkhnevilyuysk,61,RU,1579922386,91,-29.22,63.45,120.32,7.34
Saldanha,18,ZA,1579922155,82,66.2,-33.01,17.94,12.75
George Town,20,MY,1579922119,51,86.0,5.41,100.34,8.05
Vaini,75,TO,1579922383,78,82.4,-21.2,-175.2,10.29
Kodiak,75,US,1579922387,62,19.4,57.79,-152.41,8.05
Baruun-Urt,0,MN,1579922387,87,4.1,46.68,113.28,8.05
Qaqortoq,100,GL,1579922388,79,19.4,60.72,-46.03,6.93
Atambua,87,ID,1579922388,70,83.17,-9.11,124.89,4.59
Paita,99,PE,1579922388,72,76.82,-5.09,-81.11,10.42
Ostrovnoy,100,RU,1579922388,88,10.67,68.05,39.51,4.76
Kavaratti,100,IN,1579922389,75,81.55,10.57,72.64,7.83
Alice Springs,66,AU,1579922389,19,89.6,-23.7,133.88,12.75
Carnarvon,0,AU,1579922389,66,84.2,-24.87,113.63,19.46
Ruteng,1,ID,1579922389,54,84.36,-8.61,120.47,4.76
Las Cruces,1,US,1579922180,42,52.0,32.31,-106.78,4.7
Baicheng,12,CN,1579922390,82,5.45,45.62,122.82,5.3
Sola,7,VU,1579922390,77,82.31,-13.88,167.55,14.36
Yulara,0,AU,1579922390,15,91.4,-25.24,130.99,10.29
Karwar,100,IN,1579922391,45,76.64,14.8,74.13,5.48
Matay,0,EG,1579922391,65,41.99,28.42,30.78,10.42
Ambon,20,ID,1579922391,59,89.6,-3.7,128.18,8.05
Mirassol,40,BR,1579922377,69,75.2,-20.82,-49.52,6.93
Kahului,75,US,1579922305,61,80.6,20.89,-156.47,5.82
Upata,0,VE,1579922392,79,70.5,8.01,-62.4,3.91
Kurashiki,75,JP,1579922392,62,48.99,34.58,133.77,2.24
Liverpool,90,GB,1579922388,100,44.01,53.41,-2.98,4.7
Bubaque,98,GW,1579922392,69,78.24,11.28,-15.83,10.85
Estacion Querendaro,5,MX,1579922393,41,60.8,19.87,-100.92,2.24
Ribeira Grande,100,PT,1579922328,87,57.09,38.52,-28.7,15.19
Kismayo,100,SO,1579922393,87,80.65,-0.36,42.55,16.98
Nome,1,US,1579922340,68,-4.0,64.5,-165.41,8.1
Sakakah,5,SA,1579922131,43,32.0,29.97,40.21,11.41
Barashevo,100,RU,1579922394,97,33.06,54.53,42.88,7.11
Rawson,100,AR,1579922394,47,70.02,-43.3,-65.1,30.87
Buala,21,SB,1579922394,65,88.11,-8.14,159.59,7.29
Naze,75,JP,1579922395,83,73.4,28.37,129.48,6.93
Dikson,100,RU,1579922198,94,-3.32,73.51,80.55,7.02
Atuona,0,PF,1579922193,77,80.96,-9.8,-139.03,12.8
Kabalo,74,CD,1579922395,97,68.38,-6.05,26.92,2.75
Nortelandia,27,BR,1579922395,74,72.79,-14.45,-56.8,2.57
Vanimo,0,PG,1579922396,71,83.66,-2.67,141.3,6.93
Tiksi,0,RU,1579922396,78,-31.7,71.69,128.87,5.95
Jueterbog,75,DE,1579922396,76,35.01,51.98,13.08,9.17
Hilo,90,US,1579922343,69,75.2,19.73,-155.09,4.7
Muros,20,ES,1579922397,93,46.0,42.78,-9.06,1.74
Luderitz,0,NA,1579922397,88,66.2,-26.65,15.16,1.12
Cherskiy,100,RU,1579922397,93,-30.15,68.75,161.3,3.02
Rio Gallegos,30,AR,1579922398,87,46.4,-51.62,-69.22,6.93
Alofi,100,NU,1579922361,94,80.6,-19.06,-169.92,8.05
Kinsale,40,IE,1579922398,87,44.01,51.71,-8.53,6.93
Bambous Virieux,75,MU,1579922257,88,80.6,-20.34,57.76,19.46
Longyearbyen,20,SJ,1579922356,49,1.4,78.22,15.64,23.04
Pisco,90,PE,1579922125,73,77.0,-13.7,-76.22,8.05
Constitucion,0,CL,1579922399,63,57.33,-35.33,-72.42,5.99
Eureka,90,US,1579922399,87,55.99,40.8,-124.16,4.79
Moussoro,0,TD,1579922400,17,58.35,13.64,16.49,14.61
Lavrentiya,0,RU,1579922390,80,-15.86,65.58,-171.0,3.11
Vangaindrano,67,MG,1579922400,93,69.4,-23.35,47.6,3.18
Carndonagh,100,IE,1579922400,89,44.87,55.25,-7.27,11.48
Santa Maria,33,BR,1579922302,94,68.0,-29.68,-53.81,2.24
Coahuayana Viejo,20,MX,1579922401,88,68.0,18.73,-103.68,2.59
Dudinka,75,RU,1579922401,78,10.4,69.41,86.18,17.9
Mar del Plata,40,AR,1579922391,88,68.0,-38.0,-57.56,10.29
Roebourne,62,AU,1579922334,27,99.81,-20.78,117.13,6.4
Lagoa,100,PT,1579922402,81,61.0,39.05,-27.98,19.91
Slave Lake,1,CA,1579922402,100,21.2,55.28,-114.77,6.93
Ponta do Sol,40,PT,1579922357,67,59.0,32.67,-17.1,13.87
Erzin,0,TR,1579922402,86,32.0,36.96,36.2,4.7
Chokurdakh,9,RU,1579922393,95,-35.55,70.63,147.92,2.53
Marataizes,100,BR,1579922403,99,72.45,-21.04,-40.82,3.87
Aden,91,YE,1579922403,77,74.16,12.78,45.04,2.51
Laas,40,IT,1579922355,79,34.0,46.62,10.7,1.12
Bogovarovo,100,RU,1579922404,93,25.11,58.98,47.02,8.84
Whitehorse,75,CA,1579922404,77,6.01,60.72,-135.05,8.05
Batagay-Alyta,0,RU,1579922107,55,-33.56,67.8,130.41,3.58
Soligalich,97,RU,1579922404,92,25.18,59.08,42.29,9.64
Baltiysk,90,RU,1579922405,93,42.8,54.65,19.91,17.9
Caravelas,100,BR,1579922405,80,80.04,-17.71,-39.25,28.27
Arman,97,RU,1579922405,79,-10.95,59.7,150.17,14.0
Sao Filipe,7,CV,1579922405,68,72.12,14.9,-24.5,14.43
Poli,40,TZ,1579922405,93,71.6,-3.33,36.8,2.48
Lorengau,9,PG,1579922380,69,83.79,-2.02,147.27,3.44
Pedasi,22,PA,1579922406,77,79.25,7.53,-80.03,20.29
Linqiong,88,CN,1579922406,65,46.4,30.42,103.46,0.96
Castelnaudary,90,FR,1579922406,93,48.99,43.32,1.95,11.41
Nicoya,0,CR,1579922407,73,77.0,10.15,-85.45,3.36
Lincoln,90,US,1579922407,86,30.2,40.8,-96.67,6.93
Chandbali,67,IN,1579922407,48,65.89,20.78,86.77,13.35
Uetendorf,40,CH,1579922408,100,34.0,46.77,7.57,2.24
Sinnamary,36,GF,1579922408,84,79.25,5.38,-52.95,15.39
Kenitra,75,MA,1579922409,76,55.0,34.26,-6.58,11.41
Beringovskiy,100,RU,1579922409,96,11.68,63.05,179.32,9.24
Damaturu,0,NG,1579922409,31,59.23,11.75,11.96,12.55
Gweta,5,BW,1579922409,75,69.51,-20.18,25.23,1.41
Baykit,98,RU,1579922410,96,14.13,61.67,96.37,3.96
Saint George,1,US,1579922369,50,52.0,37.1,-113.58,0.51
Igrim,95,RU,1579922410,94,1.72,63.19,64.42,4.41
Krasnyy Chikoy,30,RU,1579922410,90,2.34,50.36,108.75,2.19
Mayskiy,20,RU,1579922410,73,35.6,47.69,40.1,22.37
Butaritari,100,KI,1579922393,71,84.51,3.07,172.79,3.96
Opuwo,15,NA,1579922411,48,66.0,-18.06,13.84,3.0
Port Hedland,0,AU,1579922411,50,98.6,-20.32,118.57,11.41
Verkhnyaya Tura,89,RU,1579922411,90,5.83,58.36,59.82,8.16
Somerset West,20,ZA,1579922433,93,64.0,-34.08,18.82,6.93
Pacific Grove,20,US,1579922361,82,59.0,36.62,-121.92,3.36
Kimbe,19,PG,1579922433,62,88.59,-5.55,150.14,6.26
Leningradskiy,4,RU,1579922356,80,-23.69,69.38,178.42,1.54
Aykhal,90,RU,1579922430,74,-22.0,66.0,111.5,8.95
Tommot,100,RU,1579922434,95,-19.71,58.96,126.29,2.66
Sangar,0,RU,1579922434,93,-38.07,63.92,127.47,4.45
Plyussa,99,RU,1579922434,84,35.85,58.43,29.37,12.44
Muisne,100,EC,1579922432,88,77.47,0.6,-80.03,3.94
The Valley,75,AI,1579922434,78,80.01,18.22,-63.06,3.36
Timbo,20,BR,1579922288,78,73.4,-26.82,-49.27,4.7
Yagodnoye,100,RU,1579922435,96,-27.83,62.55,149.67,2.51
Norman Wells,90,CA,1579922435,76,-7.6,65.28,-126.83,3.36
Mossamedes,72,AO,1579922359,75,74.1,-15.2,12.15,7.47
Olafsvik,100,IS,1579922422,89,29.14,64.89,-23.71,37.67
Sitka,90,US,1579922330,63,32.0,57.05,-135.33,10.29
Pochutla,20,MX,1579922400,83,77.0,15.74,-96.47,4.92
Vao,38,NC,1579922436,82,77.58,-22.67,167.48,21.14
Kavieng,7,PG,1579922372,68,84.27,-2.57,150.8,11.32
Leh,100,IN,1579922437,91,-1.35,34.17,77.58,4.32
Payo,100,ID,1579922437,97,71.33,-3.75,103.64,2.75
Port Lincoln,0,AU,1579922180,48,75.43,-34.73,135.87,3.85
Obuasi,27,GH,1579922437,98,73.31,6.21,-1.66,0.98
Port Blair,40,IN,1579922438,83,78.8,11.67,92.75,6.93
Provideniya,51,RU,1579922336,95,-8.07,64.38,-173.3,4.74
Gradiska,84,BA,1579922438,92,21.2,45.14,17.25,2.24
Kurilsk,81,RU,1579922397,71,14.61,45.23,147.88,28.9
Yumen,0,CN,1579922438,54,22.06,40.28,97.2,11.41
Sittwe,100,MM,1579922439,47,66.38,20.15,92.9,11.45
Dunda,100,TZ,1579922439,98,65.75,-8.12,34.25,1.5
Omboue,82,GA,1579922439,95,75.38,-1.57,9.26,1.14
Wanning,61,CN,1579922439,69,75.92,18.8,110.4,4.65
Castro,1,BR,1579922335,98,56.61,-24.79,-50.01,4.47
Marystown,0,CA,1579922440,65,21.11,47.17,-55.15,11.83
Chateaubelair,75,VC,1579922440,83,80.6,13.28,-61.25,12.75
Alta Floresta,100,BR,1579922413,97,72.16,-9.88,-56.09,2.51
Monrovia,0,LR,1579922441,89,78.21,6.3,-10.8,0.74
Ahipara,0,NZ,1579922411,76,69.03,-35.17,173.17,15.28
San Patricio,91,MX,1579922406,69,78.24,19.22,-104.7,8.32
Poya,0,NC,1579922441,83,77.47,-21.35,165.15,21.45
Saskylakh,100,RU,1579922441,91,-26.66,71.92,114.08,23.29
Mandalgovi,0,MN,1579922442,62,13.33,45.76,106.27,4.61
Batagay,34,RU,1579922442,93,-40.05,67.63,134.63,1.52
Sampit,92,ID,1579922442,66,89.44,-2.53,112.95,0.69
Siderno,40,IT,1579922442,76,57.99,38.28,16.3,8.05
Creel,100,MX,1579922442,53,42.24,27.75,-107.63,3.51
Saint-Augustin,11,CA,1579922443,74,4.33,51.23,-58.65,10.18
Banda Aceh,32,ID,1579922160,61,83.89,5.56,95.32,7.23
Necochea,89,AR,1579922381,93,60.01,-38.55,-58.74,1.01
Tautira,20,PF,1579922443,66,87.8,-17.73,-149.15,14.99
Codrington,68,AU,1579922374,83,63.77,-38.27,141.97,16.51
Ixtapa,90,MX,1579922157,78,77.0,20.7,-105.2,3.36
Bikin,0,RU,1579922444,83,-0.6,46.82,134.26,4.74
Karratha,9,AU,1579922444,78,84.27,-20.74,116.85,11.56
Kloulklubed,75,PW,1579922444,74,86.0,7.04,134.26,17.22
Aykino,100,RU,1579922445,97,3.04,62.22,49.99,4.25
Aksarka,83,RU,1579922445,97,-0.11,66.56,67.8,4.09
Naples,87,IT,1579922445,93,54.0,40.83,14.25,3.36
Berlevag,100,NO,1579922445,77,29.5,70.86,29.09,27.13
Vardo,100,NO,1579922445,64,27.16,70.37,31.11,9.44
La Ronge,90,CA,1579922312,85,15.8,55.1,-105.28,3.36
Qaanaaq,3,GL,1579922446,47,-7.33,77.48,-69.36,8.75
Nettuno,75,IT,1579922446,81,55.0,41.48,12.68,11.41
Upernavik,100,GL,1579922283,95,-11.85,72.79,-56.15,5.57
Dukat,100,RU,1579922447,94,-31.52,62.55,155.55,6.06
Nuuk,100,GL,1579922447,55,8.6,64.18,-51.72,9.17
Gravdal,53,NO,1579922447,68,36.36,68.12,13.5,24.56
Pitimbu,75,BR,1579922186,94,78.8,-7.47,-34.81,5.82
Russell,1,US,1579922448,93,46.4,32.35,-85.2,4.7
Kaitangata,60,NZ,1579922401,90,58.19,-46.28,169.85,15.26
Hualmay,100,PE,1579922448,67,73.6,-11.1,-77.61,3.24
Kuching,75,MY,1579922449,74,86.0,1.55,110.33,3.36
Saltpond,16,GH,1579922449,81,80.91,5.21,-1.06,7.2
Marsh Harbour,100,BS,1579922384,64,71.69,26.54,-77.06,6.71
Paese,75,IT,1579922449,93,45.0,45.68,12.16,5.06
Caxito,40,AO,1579922450,78,80.6,-8.58,13.66,6.93
Sangmelima,16,CM,1579922450,33,61.81,2.93,11.98,2.28
Klaksvik,100,FO,1579922450,100,44.6,62.23,-6.59,11.41
Yakeshi,78,CN,1579922450,97,-10.97,49.28,120.73,4.45
Mityana,61,UG,1579922450,93,66.2,0.42,32.02,4.7
Ciudad Bolivar,3,VE,1579922451,65,80.06,8.12,-63.55,12.77
Husavik,90,IS,1579922451,74,28.4,66.04,-17.34,39.15
Zhuhai,40,CN,1579922451,78,75.0,22.28,113.57,6.93
Aksu,0,CN,1579922451,74,22.91,41.12,80.26,2.26
Maba,100,CN,1579922452,97,50.7,24.68,113.6,6.73
Mayahi,0,NE,1579922452,11,62.74,13.96,7.67,14.25
Arzgir,100,RU,1579922452,77,31.77,45.37,44.22,13.98
Chitipa,100,MW,1579922452,99,63.9,-9.7,33.27,1.7
Ilulissat,100,GL,1579922351,51,12.2,69.22,-51.1,18.34
Eugene,1,US,1579922266,100,50.0,44.05,-123.09,3.36
Muravlenko,100,RU,1579922453,95,-0.31,63.79,74.52,12.01
Arlit,55,NE,1579922453,11,65.68,18.74,7.39,6.06
Pangody,95,RU,1579922454,97,0.93,65.85,74.49,4.07
Haines Junction,99,CA,1579922159,96,-9.22,60.75,-137.51,3.44
Bure,81,ET,1579922454,50,56.77,10.7,37.07,3.83
Lamont,1,US,1579922454,81,54.0,35.26,-118.91,3.36
Moth,0,IN,1579922455,51,55.22,25.72,78.95,2.48
Mukdahan,20,TH,1579922455,58,82.4,16.58,104.5,4.7
Yar-Sale,89,RU,1579922410,97,1.85,66.83,70.83,4.29
Yining,100,CN,1579922455,93,43.34,29.04,114.56,3.56
Urmary,75,RU,1579922456,92,28.4,55.68,47.94,15.66
Gidam,100,IN,1579922456,51,69.94,18.98,81.4,1.95
Arraial do Cabo,6,BR,1579922456,87,74.41,-22.97,-42.03,15.08
Nemuro,40,JP,1579922456,41,21.2,43.32,145.57,13.87
San Jose,75,US,1579922347,82,60.01,37.34,-121.89,4.7
Padang,14,ID,1579922427,63,82.47,-0.95,100.35,1.19
Narsaq,100,GL,1579922335,79,19.4,60.92,-46.05,6.93
San Andres,20,CO,1579922349,69,78.8,12.58,-81.7,8.05
Nalut,100,LY,1579922372,23,54.64,30.33,10.85,9.31
Okhotsk,0,RU,1579922349,74,-18.06,59.38,143.3,12.41
Riohacha,87,CO,1579922458,83,76.82,11.54,-72.91,1.32
Hong Kong,40,HK,1579922455,73,75.0,22.29,114.16,6.93
Yinchuan,0,CN,1579922458,62,30.99,38.47,106.27,4.23
Menemen,0,TR,1579922459,79,36.0,38.61,27.07,3.22
Flin Flon,41,CA,1579922459,95,20.57,54.77,-101.86,4.97
Severo-Kuril'sk,95,RU,1579922404,90,17.17,50.68,156.12,41.03
Ibimirim,100,BR,1579922459,68,77.16,-8.54,-37.69,2.13
Auki,0,SB,1579922459,72,85.1,-8.77,160.7,8.41
Hoa Binh,75,VN,1579922460,82,68.0,20.81,105.34,14.99
Pervomayskoye,69,RU,1579922460,59,29.98,43.92,46.71,8.46
Waddan,65,LY,1579922460,44,52.47,29.16,16.14,5.93
Deputatsky,1,RU,1579922185,96,-37.97,69.3,139.9,0.09
Guayaramerin,100,BO,1579922461,93,76.32,-10.84,-65.36,1.99
Kirensk,99,RU,1579922455,92,18.09,57.79,108.11,9.64
Itoman,75,JP,1579922461,74,78.8,26.12,127.67,12.75
Balasore,53,IN,1579922461,31,63.55,21.49,86.93,7.54
Hasaki,75,JP,1579922196,65,50.0,35.73,140.83,8.05
Riberalta,100,BO,1579922462,96,75.31,-10.98,-66.1,2.59
Mount Hagen,74,PG,1579922462,94,60.85,-5.86,144.23,4.03
Meulaboh,16,ID,1579922404,75,83.01,4.14,96.13,4.72
Skibbereen,40,IE,1579922462,87,42.8,51.55,-9.27,6.93
Forsytheganj,100,BY,1579922463,97,34.2,52.63,29.73,13.2
Tual,47,ID,1579922465,70,84.72,-5.67,132.75,10.25
Fairbanks,75,US,1579922335,70,-0.4,64.84,-147.72,4.7
Zhanaozen,41,KZ,1579922468,64,24.24,43.3,52.8,8.3
Rabo de Peixe,75,PT,1579922468,62,57.2,37.8,-25.58,11.41
Riyadh,0,SA,1579922468,43,50.0,24.69,46.72,4.7
Keti Bandar,0,PK,1579922468,67,67.73,24.14,67.45,7.14
Ken Caryl,1,US,1579922469,55,44.6,39.58,-105.12,3.04
Astana,90,KZ,1579922469,85,21.2,51.18,71.45,17.9
Vilhena,100,BR,1579922469,88,70.99,-12.74,-60.15,1.97
Mahebourg,75,MU,1579922393,88,80.6,-20.41,57.7,19.46
Suhbaatar,0,MN,1579922469,82,1.11,50.23,106.21,2.95
Santa Cruz de la Sierra,94,BO,1579922205,83,77.0,-17.8,-63.17,4.7
Gamba,6,GA,1579922470,87,77.0,-2.65,10.0,2.46
Bosaso,100,SO,1579922187,77,76.6,11.28,49.18,3.65
Krasnosel'kup,100,RU,1579922470,93,9.46,65.7,82.47,14.72
Progreso,90,MX,1579922471,73,73.0,21.28,-89.67,4.7
Dingle,35,PH,1579922351,71,84.49,11.0,122.67,7.02
Roald,100,NO,1579922471,80,39.2,62.58,6.13,11.41
Portoferraio,75,IT,1579922471,87,55.99,42.81,10.31,12.75
Ayan,0,RU,1579922471,75,-15.79,56.45,138.17,7.07
Broome,75,US,1579922472,38,43.0,42.25,-75.83,13.87
Pevek,92,RU,1579922472,96,-23.4,69.7,170.31,2.57
Puno,100,PE,1579922472,84,44.01,-15.83,-70.03,1.12
Kaniama,35,CD,1579922472,96,65.07,-7.57,24.18,1.95
Teguldet,100,RU,1579922473,95,26.46,57.31,88.17,10.09
Namatanai,0,PG,1579922217,71,85.77,-3.67,152.43,16.33
Iracoubo,36,GF,1579922333,84,79.25,5.48,-53.2,15.39
Aklavik,90,CA,1579922387,76,-4.0,68.22,-135.01,6.93
Yanam,20,IN,1579922473,73,75.2,16.73,82.22,5.82
Sorong,52,ID,1579922474,56,90.63,-0.88,131.25,2.08
Zemio,97,CF,1579922474,20,60.64,5.03,25.14,5.5
Shawville,100,CA,1579922474,89,32.0,45.6,-76.48,3.0
Saint-Joseph,100,RE,1579922474,100,78.8,-21.37,55.62,25.28
Salym,100,RU,1579922475,99,-2.76,60.06,71.48,5.48
Sohbatpur,31,PK,1579922475,57,60.03,28.52,68.54,1.83
Jega,0,NG,1579922274,12,67.44,12.22,4.38,14.67
Palmer,90,US,1579922210,92,36.0,42.16,-72.33,5.32
Murmanskaya Oblast',100,RU,1579922476,98,4.28,68.0,34.0,0.96
Batemans Bay,86,AU,1579922476,79,81.0,-35.72,150.18,4.0
Nagato,75,JP,1579922476,61,53.01,34.38,131.2,9.17
Nouadhibou,99,MR,1579922476,59,62.6,20.93,-17.03,14.99
Samandag,0,TR,1579922477,86,28.4,36.08,35.98,4.7
Maku,0,IR,1579922477,50,11.16,39.29,44.45,5.88
Petauke,92,ZM,1579922344,90,64.33,-14.24,31.33,4.21
Lady Frere,13,ZA,1579922477,71,59.4,-31.7,27.23,17.76
Palasa,69,IN,1579922478,70,72.25,18.77,84.42,3.04
Ulaangom,85,MN,1579922478,83,-5.06,49.98,92.07,2.35
Kununurra,91,AU,1579922392,70,91.4,-15.77,128.73,5.82
Salinopolis,100,BR,1579922478,83,82.49,-0.61,-47.36,12.62
Boyolangu,67,ID,1579922478,70,84.38,-8.12,111.89,4.7
Rome,1,US,1579922442,64,39.0,43.21,-75.46,5.82
Keskin,0,TR,1579922479,75,24.01,39.67,33.61,4.05
Bereket,100,TM,1579922398,90,29.34,39.24,55.52,9.57
Birin,0,NP,1579922479,70,45.43,26.89,88.07,2.89
Chino Valley,1,US,1579922479,56,48.2,34.76,-112.45,6.93
Fereydunkenar,90,IR,1579922480,93,39.2,36.69,52.52,4.7
Vostok,11,RU,1579922480,83,-1.39,46.49,135.88,7.63
Half Moon Bay,90,US,1579922480,93,60.01,37.46,-122.43,4.7
Shimoda,75,JP,1579922480,61,50.0,34.67,138.95,16.11
Soe,75,ID,1579922481,57,87.42,-9.86,124.28,5.03
Udachny,90,RU,1579922481,82,-22.0,66.42,112.4,8.95
Bintulu,75,MY,1579922481,83,84.2,3.17,113.03,3.36
Khomutovo,94,RU,1579922214,55,6.8,52.47,104.4,13.42
Bustamante,23,MX,1579922482,66,56.89,26.53,-100.5,5.93
Ancud,20,CL,1579922482,93,59.0,-41.87,-73.82,9.17
Matara,100,LK,1579922482,69,80.62,5.95,80.54,3.04
Sao Joao da Barra,100,BR,1579922482,95,72.19,-21.64,-41.05,7.52
Silvassa,34,IN,1579922483,41,69.24,20.27,73.02,6.08
Yalta,82,UA,1579922483,91,31.33,44.5,34.17,9.37
Singaraja,81,ID,1579922483,67,84.11,-8.11,115.09,3.65
Ipora,93,BR,1579922483,97,71.02,-16.44,-51.12,11.36
Bandarbeyla,100,SO,1579922391,79,79.2,9.49,50.81,19.95
Honiara,75,SB,1579922378,74,87.8,-9.43,159.95,4.7
Catuday,100,PH,1579922484,76,79.41,16.29,119.81,13.67
Mehamn,100,NO,1579922420,79,25.52,71.04,27.85,21.7
Northam,75,GB,1579922412,93,44.01,51.03,-4.22,3.36
Darhan,0,MN,1579922344,82,4.41,49.49,105.92,3.67
Prince Rupert,90,CA,1579922462,100,44.6,54.32,-130.32,9.17
Zunheboto,0,IN,1579922485,54,52.48,25.97,94.52,1.43
Peleduy,100,RU,1579922485,93,9.41,59.63,112.74,7.83
Shingu,75,JP,1579922486,53,51.8,33.73,135.98,5.82
Kampene,100,CD,1579922486,72,69.78,-3.6,26.67,1.54
Ramotswa,90,BW,1579922486,100,60.8,-24.87,25.87,12.75
Atar,100,MR,1579922426,21,70.29,20.52,-13.05,9.22
Constantine,34,DZ,1579922486,80,33.8,36.37,6.61,3.98
Kuandian,0,CN,1579922487,74,20.39,40.73,124.78,4.61
Hithadhoo,79,MV,1579922487,78,83.28,-0.6,73.08,14.74
Balabac,64,PH,1579922487,70,84.31,7.99,117.06,8.08
Sao Felix do Xingu,100,BR,1579922487,93,72.52,-6.64,-51.99,1.68
Dumas,1,US,1579922487,64,50.0,35.87,-101.97,6.93
Bedford,90,GB,1579922468,91,43.0,52.13,-0.47,5.82
Trindade,90,BR,1579922488,100,71.6,-16.65,-49.49,9.17
Madoc,90,CA,1579922488,55,36.0,44.51,-77.47,6.93
Corinth,20,GR,1579922488,86,46.99,37.94,22.96,2.84
Geraldton,0,AU,1579922374,48,82.4,-28.77,114.6,17.22
Charters Towers,99,AU,1579922489,44,92.23,-20.1,146.27,6.22
Phan Thiet,0,VN,1579922489,47,86.32,10.93,108.1,8.77
Manokwari,59,ID,1579922489,73,78.93,-0.87,134.08,5.61
Guilin,90,CN,1579922490,100,44.6,25.28,110.29,6.71
Nuevo Progreso,17,MX,1579922490,92,66.99,23.17,-97.95,1.99
Mnichovice,90,CZ,1579922490,80,32.0,49.94,14.71,4.7
Rocky Mountain House,100,CA,1579922412,92,31.66,52.37,-114.92,4.61
Verkhnyaya Inta,99,RU,1579922491,97,-0.71,65.98,60.31,8.41
Abbeville,0,FR,1579922491,87,33.01,50.1,1.83,6.93
Heihe,0,CN,1579922491,57,-9.4,50.24,127.49,2.24
Hobbs,1,US,1579922492,65,48.99,32.7,-103.14,7.99
Palencia,99,ES,1579922492,88,39.99,42.42,-4.5,1.99
College,75,US,1579922232,70,-0.4,64.86,-147.8,6.93
Nishihara,75,JP,1579922370,74,78.8,26.18,127.76,12.75
Valparaiso,90,CL,1579922493,93,60.8,-33.04,-71.63,4.7
Ondjiva,100,AO,1579922493,76,69.94,-17.07,15.73,3.56
Babu,100,CN,1579922493,93,47.53,24.42,111.52,9.06
Campbeltown,100,GB,1579922494,93,44.6,55.43,-5.61,13.87
Dunedin,78,NZ,1579922494,84,62.01,-45.87,170.5,11.01
Sabha,100,LY,1579922494,23,53.78,27.04,14.43,9.55
Martin,90,US,1579922494,93,70.0,27.08,-80.42,6.44
'Ewa Beach,40,US,1579922346,61,78.8,21.32,-158.01,5.82
Fukuecho,75,JP,1579922495,67,57.2,32.69,128.84,10.29
Evensk,100,RU,1579922495,94,5.83,61.95,159.23,18.61
Bedesa,98,ET,1579922495,88,59.09,8.9,40.78,6.96
Betioky,0,MG,1579922496,78,69.21,-23.72,44.38,5.79
Mian Channun,0,PK,1579922496,55,54.36,30.44,72.35,4.5
Bonavista,0,CA,1579922460,69,17.01,48.65,-53.11,8.01
Sukumo,100,JP,1579922496,85,51.84,32.93,132.73,6.44
Flinders,31,AU,1579922496,58,86.0,-34.58,150.86,19.46
San Francisco,75,US,1579922449,87,59.0,37.77,-122.42,12.75
Hays,1,US,1579922497,50,55.99,30.05,-98.03,4.7
Maceio,20,BR,1579922412,94,77.0,-9.67,-35.74,5.82
Umm Kaddadah,33,SD,1579922497,26,49.68,13.6,26.69,14.54
Winslow,1,US,1579922497,80,33.8,35.02,-110.7,5.82
Staryy Nadym,95,RU,1579922498,96,3.54,65.61,72.68,3.27
Zhigansk,56,RU,1579922360,95,-42.63,66.77,123.37,10.69
Vestmanna,100,FO,1579922498,100,44.6,62.16,-7.17,11.41
Edd,97,ER,1579922498,71,72.7,13.93,41.69,9.28
Mashhad,20,IR,1579922499,63,32.0,36.3,59.61,4.7
Takhli,100,TH,1579922499,51,97.0,15.26,100.34,12.28
Sorland,0,NO,1579922499,59,36.68,67.67,12.69,17.4
Santa Vitoria do Palmar,0,BR,1579922499,87,70.02,-33.52,-53.37,11.23
Gijang,75,KR,1579922499,53,51.8,35.24,129.21,9.17
Wanlaweyn,100,SO,1579922500,79,78.06,2.62,44.89,14.34
Dubbo,75,AU,1579922306,49,89.6,-32.25,148.62,5.82
San Cristobal,40,VE,1579922501,88,77.0,7.77,-72.22,2.24
Teahupoo,20,PF,1579922460,66,87.8,-17.83,-149.27,14.99
Rincon,75,US,1579922501,93,62.6,32.3,-81.24,4.7
Barinitas,100,VE,1579922501,92,51.04,8.76,-70.41,3.27
Sylacauga,1,US,1579922502,75,46.4,33.17,-86.25,9.19
Tarrafal,51,CV,1579922502,38,77.0,15.28,-23.77,17.22
Barentu,27,ER,1579922502,64,50.88,15.11,37.59,2.64
Mayo,1,US,1579922502,87,48.2,38.89,-76.51,9.17
Quatre Cocos,75,MU,1579922502,88,80.6,-20.21,57.76,19.46
Kota Kinabalu,75,MY,1579922503,74,87.8,5.97,116.07,5.82
Batelov,90,CZ,1579922503,92,30.0,49.31,15.39,2.24
Puerto Colombia,1,CO,1579922358,83,78.8,10.99,-74.95,9.17
Chinhoyi,100,ZW,1579922503,97,61.45,-17.37,30.2,4.81
Eskil,1,TR,1579922504,62,27.61,38.4,33.41,1.79
Helong,6,CN,1579922504,55,22.87,42.54,129.0,1.05
Kumul,0,CN,1579922504,51,16.84,42.8,93.45,3.02
Tacoronte,0,ES,1579922505,93,59.0,28.48,-16.41,3.36
La Libertad,40,EC,1579922505,78,78.8,-2.23,-80.9,6.93
Tayoltita,100,MX,1579922505,83,58.17,24.08,-105.93,3.02
Camacha,40,PT,1579922506,67,59.0,33.08,-16.33,12.75
Saint-Leu,100,RE,1579922506,100,78.8,-21.15,55.28,25.28
Bluffton,75,US,1579922414,93,62.6,32.24,-80.86,6.93
Teguise,0,ES,1579922506,76,57.2,29.06,-13.56,5.82
Panzhihua,97,CN,1579922507,63,46.9,26.59,101.71,2.33
Rio Grande,0,BR,1579922507,92,68.0,-32.03,-52.1,9.44
Apastovo,90,RU,1579922507,92,24.8,55.2,48.51,8.95
Aswan,0,EG,1579922507,75,45.59,24.09,32.91,8.03
Qasigiannguit,100,GL,1579922507,51,12.2,68.82,-51.19,18.34
Katsuura,75,JP,1579922252,36,52.0,35.13,140.3,4.7
Yangi Marg`ilon,75,UZ,1579922439,65,33.8,40.43,71.72,4.7
Beboto,29,TD,1579922508,18,59.23,8.27,16.94,4.25
Senanga,18,ZM,1579922508,79,68.36,-16.12,23.27,6.93
Maragogi,100,BR,1579922489,79,81.25,-9.01,-35.22,11.27
Ossora,100,RU,1579922509,96,30.4,59.24,163.07,25.03
Ben Tre,95,VN,1579922349,64,83.86,10.23,106.38,10.83
Los Llanos de Aridane,0,ES,1579922509,58,59.0,28.66,-17.92,8.05
Uspenka,100,UA,1579922510,61,33.03,48.39,39.16,19.44
Lake City,90,US,1579922510,100,64.4,30.19,-82.64,9.17
Aloleng,99,PH,1579922510,64,79.83,16.13,119.78,6.58
Nyurba,98,RU,1579922510,96,-25.37,63.28,118.33,6.87
Skagen,100,DK,1579922511,83,44.01,57.72,10.58,21.99
Dali,0,CN,1579922423,36,47.89,25.7,100.18,2.46
Nhulunbuy,75,AU,1579922476,66,91.4,-12.23,136.77,19.46
Portland,90,US,1579922511,100,51.01,45.52,-122.68,3.47
Saint Anthony,90,US,1579922512,80,32.0,45.02,-93.22,8.05
Luanda,40,AO,1579922263,78,80.6,-8.84,13.23,6.93
Kutum,0,SD,1579922512,36,38.84,14.2,24.67,4.99
Mchinji,87,MW,1579922512,98,59.97,-13.8,32.88,1.9
Karasjok,98,NO,1579922513,100,15.8,69.47,25.51,9.17
Cap Malheureux,75,MU,1579922513,88,80.6,-19.98,57.61,19.46
Rumford,1,US,1579922513,92,34.0,44.55,-70.55,5.82
Caraballeda,55,VE,1579922513,73,75.2,10.61,-66.85,2.24
Korhogo,7,CI,1579922514,15,68.27,9.45,-5.63,5.01
Botshabelo,87,ZA,1579922514,87,60.8,-29.27,26.71,5.82
Beberibe,20,BR,1579922514,78,86.0,-4.18,-38.13,10.29
Alindao,100,CF,1579922514,21,62.65,5.03,21.21,6.02
Jardim,0,BR,1579922515,95,70.45,-21.48,-56.14,2.42
Tsimmerbude,90,RU,1579922515,93,42.8,54.67,20.13,17.9
Lantawan,75,PH,1579922515,79,84.2,10.62,123.98,6.93
Bouna,0,CI,1579922516,11,69.64,9.27,-3.0,5.77
Shahrud,41,IR,1579922516,72,25.11,36.42,54.98,4.12
Safakulevo,60,RU,1579922516,87,1.89,54.99,62.54,8.75
Aripuana,99,BR,1579922516,94,73.4,-9.17,-60.63,0.43
Leander,1,US,1579922516,50,54.0,30.58,-97.85,3.36
Touros,75,BR,1579922334,88,78.8,-5.2,-35.46,8.05
Yarada,20,IN,1579922517,83,75.2,17.65,83.27,2.24
Cap-Chat,75,CA,1579922517,84,7.93,49.1,-66.68,4.85
Sao Miguel do Iguacu,0,BR,1579922405,94,73.4,-25.35,-54.24,3.36
